{
    "TGJets_TuneCP5_13TeV-amcatnlo-madspin-pythia8": {
        "all": {
            "Before cuts": 5909442.201576233,
            "Trigger": 814020.0671482086,
            "MET filters": 813381.7830276489,
            "oneLepton": 644355.2416133881,
            "atLeastOnePhoton": 221276.77639961243,
            "atLeast2jets": 106637.97958374023,
            "Req MET": 94837.14526176453
        },
        "muon": {
            "oneLepton": 390318.1616306305,
            "atLeastOnePhoton": 138952.9686641693,
            "atLeast2jets": 65372.16899871826,
            "j2_b1": {
                "Req MET": 25293.86375427246
            },
            "j3+_b1": {
                "Req MET": 8846.91478729248
            },
            "j3+_b2+": {
                "Req MET": 9039.884405136108
            },
            "j2_b2+": {
                "Req MET": 7985.973415374756
            },
            "j2_b0": {
                "Req MET": 7332.845478057861
            }
        },
        "ele": {
            "oneLepton": 254037.07998275757,
            "atLeastOnePhoton": 82323.80773544312,
            "atLeast2jets": 41265.81058502197,
            "j2_b1": {
                "Req MET": 16357.886066436768
            },
            "j3+_b1": {
                "Req MET": 4898.459529876709
            },
            "j3+_b2+": {
                "Req MET": 5937.526702880859
            },
            "j2_b2+": {
                "Req MET": 5477.368383407593
            },
            "j2_b0": {
                "Req MET": 3666.4227390289307
            }
        }
    }
}