{
    "TGJets_leptonDecays_TuneCP5_13TeV-amcatnlo-pythia8": {
        "all": {
            "Before cuts": 17931227.339140892,
            "Trigger": 6705399.403495789,
            "MET filters": 6701997.454650879,
            "oneLepton": 5545102.446806431,
            "atLeastOnePhoton": 2005710.9128079414,
            "atLeast2jets": 957564.5400595665,
            "Req MET": 869286.9343500137,
            "atLeast1bjet": 741832.5253000259
        },
        "muon": {
            "oneLepton": 3357599.892598629,
            "atLeastOnePhoton": 1224187.3360862732,
            "atLeast2jets": 580502.0239005089,
            "Req MET": 528726.1425704956,
            "atLeast1bjet": 449526.99337148666
        },
        "ele": {
            "oneLepton": 2187502.554207802,
            "atLeastOnePhoton": 781523.5767216682,
            "atLeast2jets": 377062.5161590576,
            "Req MET": 340560.7917795181,
            "atLeast1bjet": 292305.5319285393
        }
    },
    "TGJets_TuneCP5_13TeV-amcatnlo-madspin-pythia8": {
        "all": {
            "Before cuts": 5909442.201576233,
            "Trigger": 814020.0671482086,
            "MET filters": 813381.7830276489,
            "oneLepton": 644355.2416133881,
            "atLeastOnePhoton": 221276.77639961243,
            "atLeast2jets": 106637.97958374023,
            "Req MET": 97449.6570110321,
            "atLeast1bjet": 83837.87704467773
        },
        "muon": {
            "oneLepton": 390318.1616306305,
            "atLeastOnePhoton": 138952.9686641693,
            "atLeast2jets": 65372.16899871826,
            "Req MET": 60473.70946884155,
            "atLeast1bjet": 51166.636362075806
        },
        "ele": {
            "oneLepton": 254037.07998275757,
            "atLeastOnePhoton": 82323.80773544312,
            "atLeast2jets": 41265.81058502197,
            "Req MET": 36975.94754219055,
            "atLeast1bjet": 32671.24068260193
        }
    }
}