{
    "TGJets_TuneCP5_13TeV-amcatnlo-madspin-pythia8": 0.030297407261840024,
    "TGJets_TuneCP5_13TeV-amcatnlo-madspin-pythia8_LHEScaleSumw": [
        0.9782387198229914,
        0.9770559582246475,
        0.9656504124807561,
        0.9934906049634586,
        1.0,
        0.9986519967996268,
        1.0266861022483103,
        1.0386914379188648,
        1.0444530466576831
    ],
    "TGJets_TuneCP5_13TeV-amcatnlo-madspin-pythia8_LHEPdfSumw": [
        1.0,
        0.9994402551519496,
        1.000764896350998,
        0.9995187851930173,
        0.9990117083493077,
        0.9996813498990288,
        0.9989883313219311,
        0.9990521196497771,
        0.9989634866130519,
        1.0002235899954717,
        1.0004642998134692,
        1.0011149573235203,
        0.9991481901869325,
        0.9994494442973987,
        0.9990353686341504,
        0.9995484976390426,
        0.9994983503550398,
        0.9996568945668599,
        1.000428166714446,
        1.0004285535983612,
        1.000176409816658,
        1.0003485331265218,
        1.0000370932549514,
        0.9996149266201668,
        1.000153172602457,
        0.9998113913035404,
        0.999812024625453,
        1.000463057614886,
        0.9999023761012025,
        1.000555593944955,
        0.9996389757419473,
        1.0004178757689162,
        1.0000123626917194,
        0.9997334215254752,
        1.000270767015631,
        0.9999143740355175,
        0.99982834331242,
        1.000381932161017,
        0.9999174786479947,
        1.0007039790401018,
        1.0004735731336958,
        0.9997358515732044,
        1.0006892883410512,
        1.000423077074656,
        1.000302899998684,
        1.0005175208040276,
        1.0008788643622908,
        1.0003188011776216,
        0.9998607625014436,
        1.000436102012204,
        1.0003703304409208,
        0.9999095638530828,
        0.9997871366663359,
        0.9997577235493004,
        1.0000804280670232,
        0.9999560772628463,
        0.9999304215756806,
        1.0000381778719702,
        0.99982034900155,
        0.9997436395694221,
        1.0000263966481464,
        1.0000829867707872,
        0.9996170428928437,
        0.9999307178374259,
        0.9994744610235237,
        0.9997534799873292,
        0.999983924293655,
        0.9998893441865208,
        0.9997976335200979,
        0.9998113879619144,
        1.000124594542077,
        1.0000968361673408,
        1.000010222045918,
        0.9998323843505037,
        1.0001421872446556,
        1.0002008397092117,
        1.0001354933537872,
        0.9994251571631553,
        1.0000447325849797,
        1.0002544971341572,
        1.000040614193264,
        1.0000836837332954,
        0.9999907171034934,
        1.0000024011205804,
        0.9998740389727752,
        0.9999792845630677,
        1.000048720000913,
        0.9999526915852592,
        0.9997898068993777,
        1.0000055073018388,
        0.9998788930423866,
        0.9999517870996021,
        0.999930089692509,
        1.0000464155812374,
        1.0001107973540224,
        0.9999631315400741,
        1.000160994306053,
        0.9999426182087026,
        1.0000495258378561,
        1.000028144165232,
        1.0000001886785848
    ],
    "TGJets_leptonDecays_TuneCP5_13TeV-amcatnlo-pythia8": 0.0033152930771424135,
    "TGJets_leptonDecays_TuneCP5_13TeV-amcatnlo-pythia8_LHEScaleSumw": [
        0.9764917807432871,
        0.9766254524884237,
        0.9663003795057212,
        0.9924291172059545,
        0.9995410478523485,
        1.0260487375140168,
        1.0389754432975928,
        1.045520310534778
    ],
    "TGJets_leptonDecays_TuneCP5_13TeV-amcatnlo-pythia8_LHEPdfSumw": [
        1.0,
        0.9994736888407739,
        1.0007621315915605,
        0.9994926009629971,
        0.9989810806088593,
        0.9996520409543574,
        0.9989737760808293,
        0.9990773309091666,
        0.9989797574046724,
        1.0002435010842623,
        1.000491535365788,
        1.0010676790451016,
        0.9991850136467221,
        0.9993805770332987,
        0.9991129409337361,
        0.999557251100989,
        0.9995829335674759,
        0.9996170400073702,
        1.000573279447554,
        1.0005354227501535,
        1.0001447156323036,
        1.000383605142453,
        0.9999754772334304,
        0.9996180970319605,
        1.00017001970025,
        0.9998015055836338,
        0.999817724136127,
        1.000577512112604,
        0.9998916425016621,
        1.0004755296359533,
        0.9996191890744188,
        1.0004146643062357,
        0.9999980251601598,
        0.9996131767465218,
        1.0002688923680818,
        1.0000135207028173,
        0.9998505885690921,
        1.0002490643798108,
        0.9999039006766803,
        1.0007250328146071,
        1.000513953424887,
        0.9997015101166955,
        1.0007254462566069,
        1.0004639652697618,
        1.0003555421496868,
        1.0006082205794142,
        1.0009972317078928,
        1.0003540989452075,
        0.9997767646511476,
        1.0004887754734166,
        1.000365220840117,
        0.9998801402582231,
        0.9997240858157677,
        0.9997839513339832,
        0.9999881979952422,
        0.9999351868564885,
        0.9999151443741785,
        1.0001487134666858,
        0.9998773498331963,
        0.9997078679333211,
        1.0000109438069757,
        1.0000721444224205,
        0.9995994806602598,
        1.000010146334311,
        0.9995052375781082,
        0.9997647358544647,
        1.0000514368248736,
        0.9998164522693852,
        0.9997104334157192,
        0.9998583587278097,
        1.000164569628241,
        1.0000409306232327,
        0.9999701041236213,
        0.9998257913490013,
        1.0001583997760384,
        1.0002068179710528,
        1.0000881687307979,
        0.9994457091535056,
        1.000050810718886,
        1.0002146350280228,
        1.0000333007538749,
        1.0000912811794118,
        0.9999770068948407,
        0.9999999719518882,
        0.9998941347288767,
        1.0000045915224542,
        1.0000554813973435,
        0.9999394452541971,
        0.9998268317321211,
        1.0000039453306224,
        0.9998576982745768,
        0.9999153895897016,
        0.9999087209725116,
        1.0000610099699916,
        1.0001282079608338,
        0.9999731905105824,
        1.000158539262182,
        0.99994957489891,
        1.0000408928644329,
        1.0000033497340586,
        0.9999999734384616
    ]
}